{
  "Select SubCategory" : {
    "transaction" : "Select SubCategory",
    "sampleCount" : 125,
    "errorCount" : 0,
    "errorPct" : 0.0,
    "meanResTime" : 77.36,
    "medianResTime" : 79.0,
    "minResTime" : 4.0,
    "maxResTime" : 120.0,
    "pct1ResTime" : 112.4,
    "pct2ResTime" : 114.69999999999999,
    "pct3ResTime" : 118.95999999999998,
    "throughput" : 50.91649694501019,
    "receivedKBytesPerSec" : 108.24727914969449,
    "sentKBytesPerSec" : 8.005425789205702
  },
  "SearchSkill" : {
    "transaction" : "SearchSkill",
    "sampleCount" : 125,
    "errorCount" : 0,
    "errorPct" : 0.0,
    "meanResTime" : 78.576,
    "medianResTime" : 79.0,
    "minResTime" : 5.0,
    "maxResTime" : 115.0,
    "pct1ResTime" : 104.0,
    "pct2ResTime" : 109.49999999999994,
    "pct3ResTime" : 114.74,
    "throughput" : 49.30966469428008,
    "receivedKBytesPerSec" : 105.45719304733727,
    "sentKBytesPerSec" : 12.375570142998027
  },
  "HomePage" : {
    "transaction" : "HomePage",
    "sampleCount" : 125,
    "errorCount" : 0,
    "errorPct" : 0.0,
    "meanResTime" : 88.30400000000002,
    "medianResTime" : 81.0,
    "minResTime" : 37.0,
    "maxResTime" : 169.0,
    "pct1ResTime" : 113.80000000000001,
    "pct2ResTime" : 158.0,
    "pct3ResTime" : 167.43999999999997,
    "throughput" : 46.04051565377532,
    "receivedKBytesPerSec" : 90.86707239871087,
    "sentKBytesPerSec" : 5.440334369244936
  },
  "SelectCategory" : {
    "transaction" : "SelectCategory",
    "sampleCount" : 125,
    "errorCount" : 0,
    "errorPct" : 0.0,
    "meanResTime" : 77.32000000000002,
    "medianResTime" : 79.0,
    "minResTime" : 4.0,
    "maxResTime" : 116.0,
    "pct1ResTime" : 106.4,
    "pct2ResTime" : 111.69999999999999,
    "pct3ResTime" : 115.47999999999999,
    "throughput" : 50.18065034122842,
    "receivedKBytesPerSec" : 106.82990014050581,
    "sentKBytesPerSec" : 7.448690285026093
  },
  "Total" : {
    "transaction" : "Total",
    "sampleCount" : 750,
    "errorCount" : 0,
    "errorPct" : 0.0,
    "meanResTime" : 79.91333333333336,
    "medianResTime" : 79.0,
    "minResTime" : 4.0,
    "maxResTime" : 169.0,
    "pct1ResTime" : 106.89999999999998,
    "pct2ResTime" : 114.0,
    "pct3ResTime" : 158.0,
    "throughput" : 265.017667844523,
    "receivedKBytesPerSec" : 545.0461020318021,
    "sentKBytesPerSec" : 46.84394324204947
  },
  "ProfilePage" : {
    "transaction" : "ProfilePage",
    "sampleCount" : 125,
    "errorCount" : 0,
    "errorPct" : 0.0,
    "meanResTime" : 78.80799999999998,
    "medianResTime" : 78.0,
    "minResTime" : 5.0,
    "maxResTime" : 125.0,
    "pct1ResTime" : 104.60000000000002,
    "pct2ResTime" : 114.69999999999999,
    "pct3ResTime" : 124.47999999999999,
    "throughput" : 48.770971517752635,
    "receivedKBytesPerSec" : 97.49431513363245,
    "sentKBytesPerSec" : 6.477394654701521
  },
  "SignInPage" : {
    "transaction" : "SignInPage",
    "sampleCount" : 125,
    "errorCount" : 0,
    "errorPct" : 0.0,
    "meanResTime" : 79.11199999999998,
    "medianResTime" : 77.0,
    "minResTime" : 23.0,
    "maxResTime" : 125.0,
    "pct1ResTime" : 106.4,
    "pct2ResTime" : 112.69999999999999,
    "pct3ResTime" : 124.74,
    "throughput" : 48.79000780640125,
    "receivedKBytesPerSec" : 96.29356032884466,
    "sentKBytesPerSec" : 12.340441427595628
  }
}