{
  "HomePage" : {
    "transaction" : "HomePage",
    "sampleCount" : 100,
    "errorCount" : 0,
    "errorPct" : 0.0,
    "meanResTime" : 77.52000000000005,
    "medianResTime" : 66.0,
    "minResTime" : 5.0,
    "maxResTime" : 218.0,
    "pct1ResTime" : 113.60000000000014,
    "pct2ResTime" : 218.0,
    "pct3ResTime" : 218.0,
    "throughput" : 65.10416666666667,
    "receivedKBytesPerSec" : 128.4917195638021,
    "sentKBytesPerSec" : 7.692972819010416
  },
  "Total" : {
    "transaction" : "Total",
    "sampleCount" : 400,
    "errorCount" : 0,
    "errorPct" : 0.0,
    "meanResTime" : 63.019999999999996,
    "medianResTime" : 64.0,
    "minResTime" : 4.0,
    "maxResTime" : 218.0,
    "pct1ResTime" : 80.90000000000003,
    "pct2ResTime" : 86.0,
    "pct3ResTime" : 218.0,
    "throughput" : 253.96825396825395,
    "receivedKBytesPerSec" : 502.85218253968253,
    "sentKBytesPerSec" : 39.74454365079365
  },
  "ProfilePage" : {
    "transaction" : "ProfilePage",
    "sampleCount" : 100,
    "errorCount" : 0,
    "errorPct" : 0.0,
    "meanResTime" : 61.12,
    "medianResTime" : 64.0,
    "minResTime" : 5.0,
    "maxResTime" : 86.0,
    "pct1ResTime" : 77.9,
    "pct2ResTime" : 82.84999999999997,
    "pct3ResTime" : 86.0,
    "throughput" : 76.98229407236336,
    "receivedKBytesPerSec" : 153.88941012317167,
    "sentKBytesPerSec" : 10.224210931485759
  },
  "SignInPage" : {
    "transaction" : "SignInPage",
    "sampleCount" : 100,
    "errorCount" : 0,
    "errorPct" : 0.0,
    "meanResTime" : 57.57000000000001,
    "medianResTime" : 63.0,
    "minResTime" : 4.0,
    "maxResTime" : 90.0,
    "pct1ResTime" : 77.9,
    "pct2ResTime" : 82.0,
    "pct3ResTime" : 89.95999999999998,
    "throughput" : 76.04562737642586,
    "receivedKBytesPerSec" : 150.08614543726236,
    "sentKBytesPerSec" : 19.234196768060837
  },
  "LogoutPage" : {
    "transaction" : "LogoutPage",
    "sampleCount" : 100,
    "errorCount" : 0,
    "errorPct" : 0.0,
    "meanResTime" : 55.87000000000003,
    "medianResTime" : 63.0,
    "minResTime" : 4.0,
    "maxResTime" : 86.0,
    "pct1ResTime" : 78.0,
    "pct2ResTime" : 84.94999999999999,
    "pct3ResTime" : 86.0,
    "throughput" : 79.30214115781126,
    "receivedKBytesPerSec" : 156.51330789056306,
    "sentKBytesPerSec" : 9.680437153053132
  }
}